{"cameraMode":{"drawMode":0,"name":"Shaded","section":"Shading Mode"},"sceneLighting":true,"audioPlay":false,"sceneViewState":{"showFog":false,"showMaterialUpdate":false,"showSkybox":false,"showFlares":false,"showImageEffects":false,"showParticleSystems":false},"in2DMode":false,"pivot":{"x":-0.5149433612823486,"y":4.195014476776123,"z":2.843517303466797},"rotation":{"x":-0.04227745532989502,"y":0.030878912657499315,"z":-0.001306672114878893,"w":-0.9986395835876465},"size":7.071067810058594,"orthographic":false}