{"cameraMode":{"drawMode":0,"name":"Shaded","section":"Shading Mode"},"sceneLighting":true,"audioPlay":false,"sceneViewState":{"showFog":false,"showMaterialUpdate":false,"showSkybox":false,"showFlares":false,"showImageEffects":false,"showParticleSystems":false},"in2DMode":false,"pivot":{"x":-0.20609283447265626,"y":0.8218716979026794,"z":-6.057765960693359},"rotation":{"x":-0.03630172461271286,"y":0.005093016196042299,"z":-0.00018523276958148926,"w":-0.9993298053741455},"size":1.4660253524780274,"orthographic":false}