{"cameraMode":{"drawMode":0,"name":"Shaded","section":"Shading Mode"},"sceneLighting":true,"audioPlay":false,"sceneViewState":{"showFog":false,"showMaterialUpdate":false,"showSkybox":false,"showFlares":false,"showImageEffects":false,"showParticleSystems":false},"in2DMode":false,"pivot":{"x":1.8924446105957032,"y":1.4682294130325318,"z":8.285103797912598},"rotation":{"x":-0.06467396020889282,"y":-0.05295320600271225,"z":0.003436784027144313,"w":-0.9965062141418457},"size":7.071067810058594,"orthographic":false}