{"cameraMode":{"drawMode":0,"name":"Shaded","section":"Shading Mode"},"sceneLighting":true,"audioPlay":false,"sceneViewState":{"showFog":false,"showMaterialUpdate":false,"showSkybox":false,"showFlares":false,"showImageEffects":false,"showParticleSystems":false},"in2DMode":false,"pivot":{"x":2.9802322387695315e-8,"y":0.7200000882148743,"z":-5.010000228881836},"rotation":{"x":0.061305414885282519,"y":0.12245263904333115,"z":-0.007568967994302511,"w":0.9905576705932617},"size":3.4330155849456789,"orthographic":false}