{"cameraMode":{"drawMode":0,"name":"Shaded","section":"Shading Mode"},"sceneLighting":true,"audioPlay":false,"sceneViewState":{"showFog":false,"showMaterialUpdate":false,"showSkybox":false,"showFlares":false,"showImageEffects":false,"showParticleSystems":false},"in2DMode":false,"pivot":{"x":10.21690559387207,"y":4.781360149383545,"z":-18.312501907348634},"rotation":{"x":-0.05632861703634262,"y":0.18110603094100953,"z":-0.010391872376203537,"w":-0.981807291507721},"size":10.508280754089356,"orthographic":false}