{"cameraMode":{"drawMode":0,"name":"Shaded","section":"Shading Mode"},"sceneLighting":true,"audioPlay":false,"sceneViewState":{"showFog":false,"showMaterialUpdate":false,"showSkybox":false,"showFlares":false,"showImageEffects":false,"showParticleSystems":false},"in2DMode":false,"pivot":{"x":-0.6400003433227539,"y":0.7560155391693115,"z":0.0},"rotation":{"x":0.049499109387397769,"y":0.10765264928340912,"z":-0.005365652032196522,"w":0.9929423928260803},"size":9.72118854522705,"orthographic":false}