{"cameraMode":{"drawMode":0,"name":"Shaded","section":"Shading Mode"},"sceneLighting":true,"audioPlay":false,"sceneViewState":{"showFog":false,"showMaterialUpdate":false,"showSkybox":false,"showFlares":false,"showImageEffects":false,"showParticleSystems":false},"in2DMode":false,"pivot":{"x":-0.6400003433227539,"y":0.7560155391693115,"z":0.0},"rotation":{"x":0.13556760549545289,"y":0.26836082339286806,"z":-0.038175709545612338,"w":0.9529696106910706},"size":14.931758880615235,"orthographic":false}