{"cameraMode":{"drawMode":0,"name":"Shaded","section":"Shading Mode"},"sceneLighting":true,"audioPlay":false,"sceneViewState":{"showFog":false,"showMaterialUpdate":false,"showSkybox":false,"showFlares":false,"showImageEffects":false,"showParticleSystems":false},"in2DMode":false,"pivot":{"x":-2.699739694595337,"y":3.168989658355713,"z":-7.870783805847168},"rotation":{"x":0.12922367453575135,"y":-0.13491831719875337,"z":0.017754193395376207,"w":0.9822391271591187},"size":5.648494720458984,"orthographic":false}